Date,total_cases,new_cases,jenis
1/2/2020,0,0,Awal Kasus Dunia
1/3/2020,0,0,Awal Kasus Dunia
1/6/2020,0,0,Awal Kasus Dunia
1/7/2020,0,0,Awal Kasus Dunia
1/8/2020,0,0,Awal Kasus Dunia
1/9/2020,0,0,Awal Kasus Dunia
1/10/2020,0,0,Awal Kasus Dunia
1/13/2020,0,0,Awal Kasus Dunia
1/14/2020,0,0,Awal Kasus Dunia
1/15/2020,0,0,Awal Kasus Dunia
1/16/2020,0,0,Awal Kasus Dunia
1/17/2020,0,0,Awal Kasus Dunia
1/20/2020,0,0,Awal Kasus Dunia
1/21/2020,0,0,Awal Kasus Dunia
1/22/2020,0,0,Awal Kasus Dunia
1/23/2020,0,0,Awal Kasus Dunia
1/24/2020,0,0,Awal Kasus Dunia
1/27/2020,0,0,Awal Kasus Dunia
1/28/2020,0,0,Awal Kasus Dunia
1/29/2020,0,0,Awal Kasus Dunia
1/30/2020,0,0,Awal Kasus Dunia
1/31/2020,0,0,Awal Kasus Dunia
2/3/2020,0,0,Awal Kasus Dunia
2/4/2020,0,0,Awal Kasus Dunia
2/5/2020,0,0,Awal Kasus Dunia
2/6/2020,0,0,Awal Kasus Dunia
2/7/2020,0,0,Awal Kasus Dunia
2/10/2020,0,0,Awal Kasus Dunia
2/11/2020,0,0,Awal Kasus Dunia
2/12/2020,0,0,Awal Kasus Dunia
2/13/2020,0,0,Awal Kasus Dunia
2/14/2020,0,0,Awal Kasus Dunia
2/17/2020,0,0,Awal Kasus Dunia
2/18/2020,0,0,Awal Kasus Dunia
2/19/2020,0,0,Awal Kasus Dunia
2/20/2020,0,0,Awal Kasus Dunia
2/21/2020,0,0,Awal Kasus Dunia
2/24/2020,0,0,Awal Kasus Dunia
2/25/2020,0,0,Awal Kasus Dunia
2/26/2020,0,0,Awal Kasus Dunia
2/27/2020,0,0,Awal Kasus Dunia
2/28/2020,0,0,Awal Kasus Dunia
3/2/2020,2,2,Kasus Awal Pertama
3/3/2020,2,0,Kasus Awal Pertama
3/4/2020,2,0,Kasus Awal Pertama
3/5/2020,2,0,Kasus Awal Pertama
3/6/2020,4,2,Kasus Awal Pertama
3/7/2020,4,0,Kasus Awal Pertama
3/8/2020,6,2,Kasus Awal Pertama
3/9/2020,19,13,Kasus Awal Pertama
3/10/2020,27,8,Kasus Awal Pertama
3/11/2020,34,7,Kasus Awal Pertama
3/12/2020,34,0,Kasus Awal Pertama
3/13/2020,69,35,Kasus Awal Pertama
3/14/2020,96,27,Kasus Awal Pertama
3/15/2020,117,21,Kasus Awal Pertama
3/16/2020,134,17,No Event
3/17/2020,172,38,No Event
3/18/2020,227,55,No Event
3/19/2020,311,84,No Event
3/20/2020,369,58,No Event
3/21/2020,450,81,No Event
3/22/2020,514,64,No Event
3/23/2020,579,65,No Event
3/24/2020,686,107,No Event
3/25/2020,790,104,No Event
3/26/2020,893,103,No Event
3/27/2020,1046,153,No Event
3/28/2020,1155,109,No Event
3/29/2020,1285,130,No Event
3/30/2020,1414,129,No Event
3/31/2020,1528,114,No Event
4/1/2020,1677,149,No Event
4/2/2020,1790,113,No Event
4/3/2020,1986,196,No Event
4/4/2020,2092,106,No Event
4/5/2020,2273,181,No Event
4/6/2020,2491,218,No Event
4/7/2020,2738,247,No Event
4/8/2020,2956,218,No Event
4/9/2020,3293,337,No Event
4/10/2020,3512,219,No Event
4/11/2020,3842,330,No Event
4/12/2020,4241,399,No Event
4/13/2020,4557,316,No Event
4/14/2020,4839,282,No Event
4/15/2020,5136,297,No Event
4/16/2020,5516,380,No Event
4/17/2020,5923,407,No Event
4/18/2020,6248,325,No Event
4/19/2020,6575,327,No Event
4/20/2020,6760,185,No Event
4/21/2020,7135,375,No Event
4/22/2020,7418,283,No Event
4/23/2020,7775,357,No Event
4/24/2020,8211,436,No Event
4/25/2020,8607,396,No Event
4/26/2020,8882,275,No Event
4/27/2020,9096,214,No Event
4/28/2020,9511,415,No Event
4/29/2020,9771,260,No Event
4/30/2020,10118,347,No Event
5/1/2020,10551,433,No Event
5/2/2020,10843,292,No Event
5/3/2020,11192,349,No Event
5/4/2020,11587,395,No Event
5/5/2020,12071,484,No Event
5/6/2020,12438,367,No Event
5/7/2020,12776,338,No Event
5/8/2020,13112,336,No Event
5/9/2020,13645,533,No Event
5/10/2020,14032,387,No Event
5/11/2020,14265,233,No Event
5/12/2020,14749,484,No Event
5/13/2020,15438,689,No Event
5/14/2020,16006,568,No Event
5/15/2020,16496,490,No Event
5/16/2020,17025,529,No Event
5/17/2020,17514,489,No Event
5/18/2020,18010,496,No Event
5/19/2020,18496,486,No Event
5/20/2020,19189,693,No Event
5/21/2020,20162,973,No Event
5/22/2020,20796,634,No Event
5/23/2020,21745,949,No Event
5/24/2020,22271,526,No Event
5/25/2020,22750,479,No Event
5/26/2020,23165,415,No Event
5/27/2020,23851,686,No Event
5/28/2020,24538,687,No Event
5/29/2020,25216,678,No Event
5/30/2020,25773,557,No Event
5/31/2020,26473,700,No Event
6/1/2020,26940,467,No Event
6/2/2020,27549,609,No Event
6/3/2020,28233,684,No Event
6/4/2020,28818,585,No Event
6/5/2020,29521,703,No Event
6/6/2020,30514,993,No Event
6/7/2020,31186,672,No Event
6/8/2020,32033,847,No Event
6/9/2020,33076,1043,No Event
6/10/2020,34316,1240,No Event
6/11/2020,35295,979,No Event
6/12/2020,36406,1111,No Event
6/13/2020,37420,1014,No Event
6/14/2020,38277,857,No Event
6/15/2020,39294,1017,No Event
6/16/2020,40400,1106,No Event
6/17/2020,41431,1031,No Event
6/18/2020,42762,1331,No Event
6/19/2020,43803,1041,No Event
6/20/2020,45029,1226,No Event
6/21/2020,45891,862,No Event
6/22/2020,46845,954,No Event
6/23/2020,47896,1051,No Event
6/24/2020,49009,1113,No Event
6/25/2020,50187,1178,No Event
6/26/2020,51427,1240,No Event
6/27/2020,52812,1385,No Event
6/28/2020,54010,1198,No Event
6/29/2020,55092,1082,No Event
6/30/2020,56385,1293,No Event
7/1/2020,57770,1385,No Event
7/2/2020,59394,1624,No Event
7/3/2020,60695,1301,No Event
7/4/2020,62142,1447,No Event
7/5/2020,63749,1607,No Event
7/6/2020,64958,1209,No Event
7/7/2020,66226,1268,No Event
7/8/2020,68079,1853,No Event
7/9/2020,70736,2657,No Event
7/10/2020,72347,1611,No Event
7/11/2020,74018,1671,No Event
7/12/2020,75699,1681,No Event
7/13/2020,76981,1282,No Event
7/14/2020,78572,1591,No Event
7/15/2020,80094,1522,No Event
7/16/2020,81668,1574,No Event
7/17/2020,83130,1462,No Event
7/18/2020,84882,1752,No Event
7/19/2020,86521,1639,No Event
7/20/2020,88214,1693,No Event
7/21/2020,89869,1655,No Event
7/22/2020,91751,1882,No Event
7/23/2020,93657,1906,No Event
7/24/2020,95418,1761,No Event
7/25/2020,97286,1868,No Event
7/26/2020,98778,1492,No Event
7/27/2020,100303,1525,No Event
7/28/2020,102051,1748,No Event
7/29/2020,104432,2381,No Event
7/30/2020,106336,1904,No Event
7/31/2020,108376,2040,No Event
8/1/2020,109936,1560,No Event
8/2/2020,111455,1519,No Event
8/3/2020,113134,1679,No Event
8/4/2020,115056,1922,No Event
8/5/2020,116871,1815,No Event
8/6/2020,118753,1882,No Event
8/7/2020,121226,2473,No Event
8/8/2020,123503,2277,No Event
8/9/2020,125396,1893,No Event
8/10/2020,127083,1687,No Event
8/11/2020,128776,1693,No Event
8/12/2020,130718,1942,No Event
8/13/2020,132816,2098,No Event
8/14/2020,135123,2307,No Event
8/15/2020,137468,2345,No Event
8/16/2020,139549,2081,No Event
8/17/2020,141370,1821,No Event
8/18/2020,143043,1673,No Event
8/19/2020,144945,1902,No Event
8/20/2020,147211,2266,No Event
8/21/2020,149408,2197,No Event
8/22/2020,151498,2090,No Event
8/23/2020,153535,2037,No Event
8/24/2020,155412,1877,No Event
8/25/2020,157859,2447,No Event
8/26/2020,160165,2306,No Event
8/27/2020,162884,2719,No Event
8/28/2020,165887,3003,No Event
8/29/2020,169195,3308,No Event
8/30/2020,172053,2858,No Event
8/31/2020,174796,2743,No Event
9/1/2020,177571,2775,No Event
9/2/2020,180646,3075,No Event
9/3/2020,184268,3622,No Event
9/4/2020,187537,3269,No Event
9/5/2020,190665,3128,No Event
9/6/2020,194109,3444,No Event
9/7/2020,196989,2880,No Event
9/8/2020,200035,3046,No Event
9/9/2020,203342,3307,No Event
9/10/2020,207203,3861,No Event
9/11/2020,210940,3737,No Event
9/12/2020,214746,3806,No Event
9/13/2020,218382,3636,No Event
9/14/2020,221523,3141,No Event
9/15/2020,225030,3507,No Event
9/16/2020,228993,3963,No Event
9/17/2020,232628,3635,No Event
9/18/2020,236519,3891,No Event
9/19/2020,240687,4168,No Event
9/20/2020,244676,3989,No Event
9/21/2020,248852,4176,No Event
9/22/2020,252923,4071,No Event
9/23/2020,257388,4465,No Event
9/24/2020,262022,4634,No Event
9/25/2020,266845,4823,No Event
9/26/2020,271339,4494,No Event
9/27/2020,275213,3874,No Event
9/28/2020,278722,3509,No Event
9/29/2020,282724,4002,No Event
9/30/2020,287008,4284,No Event
10/1/2020,291182,4174,No Event
10/2/2020,295499,4317,No Event
10/3/2020,299506,4007,No Event
10/4/2020,303498,3992,No Event
10/5/2020,307120,3622,No Event
10/6/2020,311176,4056,No Event
10/7/2020,315714,4538,No Event
10/8/2020,320564,4850,No Event
10/9/2020,324658,4094,No Event
10/10/2020,328952,4294,No Event
10/11/2020,333449,4497,No Event
10/12/2020,336716,3267,No Event
10/13/2020,340622,3906,No Event
10/14/2020,344749,4127,No Event
10/15/2020,349160,4411,No Event
10/16/2020,353461,4301,No Event
10/17/2020,357762,4301,No Event
10/18/2020,361867,4105,No Event
10/19/2020,365240,3373,No Event
10/20/2020,368842,3602,No Event
10/21/2020,373109,4267,No Event
10/22/2020,377541,4432,No Event
10/23/2020,381910,4369,No Event
10/24/2020,385980,4070,No Event
10/25/2020,389712,3732,No Event
10/26/2020,392934,3222,No Event
10/27/2020,396454,3520,No Event
10/28/2020,400483,4029,No Event
10/29/2020,404048,3565,No Event
10/30/2020,406945,2897,No Event
10/31/2020,410088,3143,No Event
11/1/2020,412784,2696,Gelombang 1
11/2/2020,415402,2618,Gelombang 1
11/3/2020,418375,2973,Gelombang 1
11/4/2020,421731,3356,Gelombang 1
11/5/2020,425796,4065,Gelombang 1
11/6/2020,429574,3778,Gelombang 1
11/7/2020,433836,4262,Gelombang 1
11/8/2020,437716,3880,Gelombang 1
11/9/2020,440569,2853,Gelombang 1
11/10/2020,444348,3779,Gelombang 1
11/11/2020,448118,3770,Gelombang 1
11/12/2020,452291,4173,Gelombang 1
11/13/2020,457735,5444,Gelombang 1
11/14/2020,463007,5272,Gelombang 1
11/15/2020,467113,4106,Gelombang 1
11/16/2020,470648,3535,Gelombang 1
11/17/2020,474455,3807,Gelombang 1
11/18/2020,478720,4265,Gelombang 1
11/19/2020,483518,4798,Gelombang 1
11/20/2020,488310,4792,Gelombang 1
11/21/2020,493308,4998,Gelombang 1
11/22/2020,497668,4360,Gelombang 1
11/23/2020,502110,4442,Gelombang 1
11/24/2020,506302,4192,Gelombang 1
11/25/2020,511836,5534,Gelombang 1
11/26/2020,516753,4917,Gelombang 1
11/27/2020,522581,5828,Gelombang 1
11/28/2020,527999,5418,Gelombang 1
11/29/2020,534266,6267,Gelombang 1
11/30/2020,538883,4617,Gelombang 1
12/1/2020,543975,5092,Gelombang 1
12/2/2020,549508,5533,Gelombang 1
12/3/2020,557877,8369,Gelombang 1
12/4/2020,563680,5803,Gelombang 1
12/5/2020,569707,6027,Gelombang 1
12/6/2020,575796,6089,Gelombang 1
12/7/2020,581550,5754,Gelombang 1
12/8/2020,586842,5292,Gelombang 1
12/9/2020,592900,6058,Gelombang 1
12/10/2020,598933,6033,Gelombang 1
12/11/2020,605243,6310,Gelombang 1
12/12/2020,611631,6388,Gelombang 1
12/13/2020,617820,6189,Gelombang 1
12/14/2020,623309,5489,Gelombang 1
12/15/2020,629429,6120,Gelombang 1
12/16/2020,636154,6725,Gelombang 1
12/17/2020,643508,7354,Gelombang 1
12/18/2020,650197,6689,Gelombang 1
12/19/2020,657948,7751,Gelombang 1
12/20/2020,664930,6982,Gelombang 1
12/21/2020,671778,6848,Gelombang 1
12/22/2020,678125,6347,Gelombang 1
12/23/2020,685639,7514,Gelombang 1
12/24/2020,692838,7199,Gelombang 1
12/25/2020,700097,7259,Gelombang 1
12/26/2020,706837,6740,Gelombang 1
12/27/2020,713365,6528,Gelombang 1
12/28/2020,719219,5854,Gelombang 1
12/29/2020,727122,7903,Gelombang 1
12/30/2020,735124,8002,Gelombang 1
12/31/2020,743198,8074,Gelombang 1
1/1/2021,751270,8072,Gelombang 1
1/2/2021,758473,7203,Gelombang 1
1/3/2021,765350,6877,Gelombang 1
1/4/2021,772103,6753,Gelombang 1
1/5/2021,779548,7445,Gelombang 1
1/6/2021,788402,8854,Gelombang 1
1/7/2021,797723,9321,Gelombang 1
1/8/2021,808340,10617,Gelombang 1
1/9/2021,818386,10046,Gelombang 1
1/10/2021,828026,9640,Gelombang 1
1/11/2021,836718,8692,Gelombang 1
1/12/2021,846765,10047,Gelombang 1
1/13/2021,858043,11278,Gelombang 1
1/14/2021,869600,11557,Gelombang 1
1/15/2021,882418,12818,Gelombang 1
1/16/2021,896642,14224,Gelombang 1
1/17/2021,907929,11287,Gelombang 1
1/18/2021,917015,9086,Gelombang 1
1/19/2021,927380,10365,Gelombang 1
1/20/2021,939948,12568,Gelombang 1
1/21/2021,951651,11703,Gelombang 1
1/22/2021,965283,13632,Gelombang 1
1/23/2021,977474,12191,Gelombang 1
1/24/2021,989262,11788,Gelombang 1
1/25/2021,999256,9994,Gelombang 1
1/26/2021,1012350,13094,Gelombang 1
1/27/2021,1024298,11948,Gelombang 1
1/28/2021,1037993,13695,Gelombang 1
1/29/2021,1051795,13802,Gelombang 1
1/30/2021,1066313,14518,Gelombang 1
1/31/2021,1078314,12001,Gelombang 1
2/1/2021,1089308,10994,No Event
2/2/2021,1099687,10379,No Event
2/3/2021,1111671,11984,No Event
2/4/2021,1123105,11434,No Event
2/5/2021,1134854,11749,No Event
2/6/2021,1147010,12156,No Event
2/7/2021,1157837,10827,No Event
2/8/2021,1166079,8242,No Event
2/9/2021,1174779,8700,No Event
2/10/2021,1183555,8776,No Event
2/11/2021,1191990,8435,No Event
2/12/2021,1201859,9869,No Event
2/13/2021,1210703,8844,No Event
2/14/2021,1217468,6765,No Event
2/15/2021,1223930,6462,No Event
2/16/2021,1233959,10029,No Event
2/17/2021,1243646,9687,No Event
2/18/2021,1252685,9039,No Event
2/19/2021,1263299,10614,No Event
2/20/2021,1271353,8054,No Event
2/21/2021,1278653,7300,No Event
2/22/2021,1288833,10180,No Event
2/23/2021,1298608,9775,No Event
2/24/2021,1306141,7533,No Event
2/25/2021,1314634,8493,No Event
2/26/2021,1322866,8232,No Event
2/27/2021,1329074,6208,No Event
2/28/2021,1334634,5560,No Event
3/1/2021,1341314,6680,No Event
3/2/2021,1347026,5712,No Event
3/3/2021,1353834,6808,No Event
3/4/2021,1361098,7264,No Event
3/5/2021,1368069,6971,No Event
3/6/2021,1373836,5767,No Event
3/7/2021,1379662,5826,No Event
3/8/2021,1386556,6894,No Event
3/9/2021,1392945,6389,No Event
3/10/2021,1398578,5633,No Event
3/11/2021,1403722,5144,No Event
3/12/2021,1410134,6412,No Event
3/13/2021,1414741,4607,No Event
3/14/2021,1419455,4714,No Event
3/15/2021,1425044,5589,No Event
3/16/2021,1430458,5414,No Event
3/17/2021,1437283,6825,No Event
3/18/2021,1443853,6570,No Event
3/19/2021,1450132,6279,No Event
3/20/2021,1455788,5656,No Event
3/21/2021,1460184,4396,No Event
3/22/2021,1465928,5744,No Event
3/23/2021,1471225,5297,No Event
3/24/2021,1476452,5227,No Event
3/25/2021,1482559,6107,No Event
3/26/2021,1487541,4982,No Event
3/27/2021,1492002,4461,No Event
3/28/2021,1496085,4083,No Event
3/29/2021,1501093,5008,No Event
3/30/2021,1505775,4682,No Event
3/31/2021,1511712,5937,No Event
4/1/2021,1517854,6142,No Event
4/2/2021,1523179,5325,No Event
4/3/2021,1527524,4345,No Event
4/4/2021,1534255,6731,No Event
4/5/2021,1537967,3712,No Event
4/6/2021,1542516,4549,No Event
4/7/2021,1547376,4860,No Event
4/8/2021,1552880,5504,No Event
4/9/2021,1558145,5265,No Event
4/10/2021,1562868,4723,No Event
4/11/2021,1566995,4127,No Event
4/12/2021,1571824,4829,No Event
4/13/2021,1577526,5702,No Event
4/14/2021,1583182,5656,No Event
4/15/2021,1589359,6177,No Event
4/16/2021,1594722,5363,No Event
4/17/2021,1599763,5041,No Event
4/18/2021,1604348,4585,No Event
4/19/2021,1609300,4952,No Event
4/20/2021,1614849,5549,No Event
4/21/2021,1620569,5720,No Event
4/22/2021,1626812,6243,No Event
4/23/2021,1632248,5436,No Event
4/24/2021,1636792,4544,No Event
4/25/2021,1641194,4402,No Event
4/26/2021,1647138,5944,No Event
4/27/2021,1651794,4656,No Event
4/28/2021,1657035,5241,No Event
4/29/2021,1662868,5833,No Event
4/30/2021,1668368,5500,No Event
5/1/2021,1672880,4512,Kasus Awal Delta
5/2/2021,1677274,4394,Kasus Awal Delta
5/3/2021,1682004,4730,Kasus Awal Delta
5/4/2021,1686373,4369,Kasus Awal Delta
5/5/2021,1691658,5285,Kasus Awal Delta
5/6/2021,1697305,5647,Kasus Awal Delta
5/7/2021,1703632,6327,Kasus Awal Delta
5/8/2021,1709762,6130,Kasus Awal Delta
5/9/2021,1713684,3922,Kasus Awal Delta
5/10/2021,1718575,4891,Kasus Awal Delta
5/11/2021,1723596,5021,Kasus Awal Delta
5/12/2021,1728204,4608,Kasus Awal Delta
5/13/2021,1731652,3448,Kasus Awal Delta
5/14/2021,1734285,2633,Kasus Awal Delta
5/15/2021,1736670,2385,Kasus Awal Delta
5/16/2021,1739750,3080,Kasus Awal Delta
5/17/2021,1744045,4295,Kasus Awal Delta
5/18/2021,1748230,4185,Gelombang 2
5/19/2021,1753101,4871,Gelombang 2
5/20/2021,1758898,5797,Gelombang 2
5/21/2021,1764644,5746,Gelombang 2
5/22/2021,1769940,5296,Gelombang 2
5/23/2021,1775220,5280,Gelombang 2
5/24/2021,1781127,5907,Gelombang 2
5/25/2021,1786187,5060,Gelombang 2
5/26/2021,1791221,5034,Gelombang 2
5/27/2021,1797499,6278,Gelombang 2
5/28/2021,1803361,5862,Gelombang 2
5/29/2021,1809926,6565,Gelombang 2
5/30/2021,1816041,6115,Gelombang 2
5/31/2021,1821703,5662,Gelombang 2
6/1/2021,1826527,4824,Gelombang 2
6/2/2021,1831773,5246,Gelombang 2
6/3/2021,1837126,5353,Gelombang 2
6/4/2021,1843612,6486,Gelombang 2
6/5/2021,1850206,6594,Gelombang 2
6/6/2021,1856038,5832,Gelombang 2
6/7/2021,1863031,6993,Gelombang 2
6/8/2021,1869325,6294,Gelombang 2
6/9/2021,1877050,7725,Gelombang 2
6/10/2021,1885942,8892,Gelombang 2
6/11/2021,1894025,8083,Gelombang 2
6/12/2021,1901490,7465,Gelombang 2
6/13/2021,1911358,9868,Gelombang 2
6/14/2021,1919547,8189,Gelombang 2
6/15/2021,1927708,8161,Gelombang 2
6/16/2021,1937652,9944,Gelombang 2
6/17/2021,1950276,12624,Gelombang 2
6/18/2021,1963266,12990,Gelombang 2
6/19/2021,1976172,12906,Gelombang 2
6/20/2021,1989909,13737,Gelombang 2
6/21/2021,2004445,14536,Gelombang 2
6/22/2021,2018113,13668,Gelombang 2
6/23/2021,2033421,15308,Gelombang 2
6/24/2021,2053995,20574,Gelombang 2
6/25/2021,2072867,18872,Gelombang 2
6/26/2021,2093962,21095,Gelombang 2
6/27/2021,2115304,21342,Gelombang 2
6/28/2021,2135998,20694,Gelombang 2
6/29/2021,2156465,20467,Gelombang 2
6/30/2021,2178272,21807,Gelombang 2
7/1/2021,2203108,24836,No Event
7/2/2021,2228938,25830,No Event
7/3/2021,2256851,27913,No Event
7/4/2021,2284084,27233,No Event
7/5/2021,2313829,29745,No Event
7/6/2021,2345018,31189,No Event
7/7/2021,2379397,34379,No Event
7/8/2021,2417788,38391,No Event
7/9/2021,2455912,38124,No Event
7/10/2021,2491006,35094,No Event
7/11/2021,2527203,36197,No Event
7/12/2021,2567630,40427,No Event
7/13/2021,2615529,47899,No Event
7/14/2021,2670046,54517,No Event
7/15/2021,2726803,56757,No Event
7/16/2021,2780803,54000,No Event
7/17/2021,2832755,51952,No Event
7/18/2021,2877476,44721,No Event
7/19/2021,2911733,34257,No Event
7/20/2021,2950058,38325,No Event
7/21/2021,2983830,33772,No Event
7/22/2021,3033339,49509,No Event
7/23/2021,3082410,49071,No Event
7/24/2021,3127826,45416,No Event
7/25/2021,3166505,38679,No Event
7/26/2021,3194733,28228,No Event
7/27/2021,3239936,45203,No Event
7/28/2021,3287727,47791,No Event
7/29/2021,3331206,43479,No Event
7/30/2021,3372374,41168,No Event
7/31/2021,3409658,37284,No Event
8/1/2021,3440396,30738,No Event
8/2/2021,3462800,22404,No Event
8/3/2021,3496700,33900,No Event
8/4/2021,3532567,35867,No Event
8/5/2021,3568331,35764,No Event
8/6/2021,3607863,39532,No Event
8/7/2021,3639616,31753,No Event
8/8/2021,3666031,26415,No Event
8/9/2021,3686740,20709,No Event
8/10/2021,3718821,32081,No Event
8/11/2021,3749446,30625,No Event
8/12/2021,3774155,24709,No Event
8/13/2021,3804943,30788,No Event
8/14/2021,3833541,28598,No Event
8/15/2021,3854354,20813,No Event
8/16/2021,3871738,17384,No Event
8/17/2021,3892479,20741,No Event
8/18/2021,3908247,15768,No Event
8/19/2021,3930300,22053,No Event
8/20/2021,3950304,20004,No Event
8/21/2021,3967048,16744,No Event
8/22/2021,3979456,12408,No Event
8/23/2021,3989060,9604,No Event
8/24/2021,4008166,19106,No Event
8/25/2021,4026837,18671,No Event
8/26/2021,4043736,16899,No Event
8/27/2021,4056354,12618,No Event
8/28/2021,4066404,10050,No Event
8/29/2021,4073831,7427,No Event
8/30/2021,4079267,5436,No Event
8/31/2021,4089801,10534,No Event
9/1/2021,4100138,10337,No Event
9/2/2021,4100138,0,No Event
9/3/2021,4116890,16752,No Event
9/4/2021,4123617,6727,No Event
9/5/2021,4129020,5403,No Event
9/6/2021,4133433,4413,No Event
9/7/2021,4140634,7201,No Event
9/8/2021,4147365,6731,No Event
9/9/2021,4153355,5990,No Event
9/10/2021,4158731,5376,No Event
9/11/2021,4163732,5001,No Event
9/12/2021,4167511,3779,No Event
9/13/2021,4170088,2577,No Event
9/14/2021,4174216,4128,No Event
9/15/2021,4178164,3948,No Event
9/16/2021,4181309,3145,No Event
9/17/2021,4185144,3835,No Event
9/18/2021,4188529,3385,No Event
9/19/2021,4190763,2234,No Event
9/20/2021,4192695,1932,No Event
9/21/2021,4195958,3263,No Event
9/22/2021,4198678,2720,No Event
9/23/2021,4201559,2881,No Event
9/24/2021,4204116,2557,No Event
9/25/2021,4206253,2137,No Event
9/26/2021,4208013,1760,No Event
9/27/2021,4209403,1390,No Event
9/28/2021,4211460,2057,No Event
9/29/2021,4213414,1954,No Event
9/30/2021,4215104,1690,No Event
10/1/2021,4216728,1624,No Event
10/2/2021,4218142,1414,No Event
10/3/2021,4219284,1142,No Event
10/4/2021,4220206,922,No Event
10/5/2021,4221610,1404,No Event
10/6/2021,4223094,1484,No Event
10/7/2021,4224487,1393,No Event
10/8/2021,4225871,1384,No Event
10/9/2021,4227038,1167,No Event
10/10/2021,4227932,894,No Event
10/11/2021,4228552,620,No Event
10/12/2021,4229813,1261,No Event
10/13/2021,4231046,1233,No Event
10/14/2021,4232099,1053,No Event
10/15/2021,4233014,915,No Event
10/16/2021,4234011,997,No Event
10/17/2021,4234758,747,No Event
10/18/2021,4235384,626,No Event
10/19/2021,4236287,903,No Event
10/20/2021,4237201,914,No Event
10/21/2021,4237834,633,No Event
10/22/2021,4238594,760,No Event
10/23/2021,4239396,802,No Event
10/24/2021,4240019,623,No Event
10/25/2021,4240479,460,No Event
10/26/2021,4241090,611,No Event
10/27/2021,4241809,719,No Event
10/28/2021,4242532,723,No Event
10/29/2021,4243215,683,No Event
10/30/2021,4243835,620,No Event
10/31/2021,4244358,523,No Event
11/1/2021,4244761,403,No Event
11/2/2021,4245373,612,No Event
11/3/2021,4246174,801,No Event
11/4/2021,4246802,628,No Event
11/5/2021,4247320,518,No Event
11/6/2021,4247721,401,No Event
11/7/2021,4248165,444,No Event
11/8/2021,4248409,244,No Event
11/9/2021,4248843,434,No Event
11/10/2021,4249323,480,No Event
11/11/2021,4249758,435,No Event
11/12/2021,4250157,399,No Event
11/13/2021,4250516,359,No Event
11/14/2021,4250855,339,No Event
11/15/2021,4251076,221,No Event
11/16/2021,4251423,347,No Event
11/17/2021,4251945,522,No Event
11/18/2021,4252345,400,No Event
11/19/2021,4252705,360,No Event
11/20/2021,4253098,393,No Event
11/21/2021,4253412,314,No Event
11/22/2021,4253598,186,No Event
11/23/2021,4253992,394,No Event
11/24/2021,4254443,451,No Event
11/25/2021,4254815,372,No Event
11/26/2021,4255268,453,No Event
11/27/2021,4255672,404,No Event
11/28/2021,4255936,264,No Event
11/29/2021,4256112,176,No Event
11/30/2021,4256409,297,No Event
12/1/2021,4256687,278,No Event
12/2/2021,4256998,311,No Event
12/3/2021,4257243,245,No Event
12/4/2021,4257489,246,No Event
12/5/2021,4257685,196,No Event
12/6/2021,4257815,130,No Event
12/7/2021,4258076,261,No Event
12/8/2021,4258340,264,No Event
12/9/2021,4258560,220,No Event
12/10/2021,4258752,192,No Event
12/11/2021,4258980,228,No Event
12/12/2021,4259143,163,No Event
12/13/2021,4259249,106,No Event
12/14/2021,4259439,190,No Event
12/15/2021,4259644,205,Kasus Awal Omicron
12/16/2021,4259857,213,Kasus Awal Omicron
12/17/2021,4260148,291,Kasus Awal Omicron
12/18/2021,4260380,232,Kasus Awal Omicron
12/19/2021,4260544,164,Kasus Awal Omicron
12/20/2021,4260677,133,Kasus Awal Omicron
12/21/2021,4260893,216,Kasus Awal Omicron
12/22/2021,4261072,179,Kasus Awal Omicron
12/23/2021,4261208,136,Kasus Awal Omicron
12/24/2021,4261412,204,Kasus Awal Omicron
12/25/2021,4261667,255,Kasus Awal Omicron
12/26/2021,4261667,0,Kasus Awal Omicron
12/27/2021,4261879,212,Kasus Awal Omicron
12/28/2021,4262157,278,Kasus Awal Omicron
12/29/2021,4262351,194,Kasus Awal Omicron
12/30/2021,4262540,189,Kasus Awal Omicron
12/31/2021,4262720,180,Kasus Awal Omicron
1/1/2022,4262994,274,No Event
1/2/2022,4263168,174,No Event
1/3/2022,4263433,265,No Event
1/4/2022,4263732,299,No Event
1/5/2022,4264136,404,No Event
1/6/2022,4264669,533,No Event
1/7/2022,4265187,518,No Event
1/8/2022,4265666,479,No Event
1/9/2022,4266195,529,No Event
1/10/2022,4266649,454,No Event
1/11/2022,4267451,802,No Event
1/12/2022,4268097,646,No Event
1/13/2022,4268890,793,No Event
1/14/2022,4269740,850,No Event
1/15/2022,4270794,1054,No Event
1/16/2022,4271649,855,No Event
1/17/2022,4272421,772,No Event
1/18/2022,4273783,1362,No Event
1/19/2022,4275528,1745,No Event
1/20/2022,4277644,2116,Gelombang 3
1/21/2022,4280248,2604,Gelombang 3
1/22/2022,4283453,3205,Gelombang 3
1/23/2022,4286378,2925,Gelombang 3
1/24/2022,4289305,2927,Gelombang 3
1/25/2022,4294183,4878,Gelombang 3
1/26/2022,4301193,7010,Gelombang 3
1/27/2022,4309270,8077,Gelombang 3
1/28/2022,4319175,9905,Gelombang 3
1/29/2022,4330763,11588,Gelombang 3
1/30/2022,4343185,12422,Gelombang 3
1/31/2022,4353370,10185,Gelombang 3
2/1/2022,4369391,16021,Gelombang 3
2/2/2022,4387286,17895,Gelombang 3
2/3/2022,4414483,27197,Gelombang 3
2/4/2022,4446694,32211,Gelombang 3
2/5/2022,4480423,33729,Gelombang 3
2/6/2022,4516480,36057,Gelombang 3
2/7/2022,4542601,26121,Gelombang 3
2/8/2022,4580093,37492,Gelombang 3
2/9/2022,4626936,46843,Gelombang 3
2/10/2022,4667554,40618,Gelombang 3
2/11/2022,4708043,40489,Gelombang 3
2/12/2022,4763252,55209,Gelombang 3
2/13/2022,4807778,44526,Gelombang 3
2/14/2022,4844279,36501,Gelombang 3
2/15/2022,4901328,57049,Gelombang 3
2/16/2022,4966046,64718,Gelombang 3
2/17/2022,5030002,63956,Gelombang 3
2/18/2022,5089637,59635,Gelombang 3
2/19/2022,5149021,59384,Gelombang 3
2/20/2022,5197505,48484,Gelombang 3
2/21/2022,5231923,34418,No Event
2/22/2022,5289414,57491,No Event
2/23/2022,5350902,61488,No Event
2/24/2022,5408328,57426,No Event
2/25/2022,5457775,49447,No Event
2/26/2022,5504418,46643,No Event
2/27/2022,5539394,34976,No Event
2/28/2022,5564448,25054,No Event
3/1/2022,5589176,24728,No Event
3/2/2022,5630096,40920,No Event
3/3/2022,5667355,37259,No Event
3/4/2022,5693702,26347,No Event
3/5/2022,5723858,30156,No Event
3/6/2022,5748725,24867,No Event
3/7/2022,5770105,21380,No Event
3/8/2022,5800253,30148,No Event
3/9/2022,5826589,26336,No Event
3/10/2022,5847900,21311,No Event
3/11/2022,5864010,16110,No Event
3/12/2022,5878910,14900,No Event
3/13/2022,5890495,11585,No Event
3/14/2022,5900124,9629,No Event
3/15/2022,5914532,14408,No Event
3/16/2022,5927550,13018,No Event
3/17/2022,5939082,11532,No Event
3/18/2022,5948610,9528,No Event
