Date,Open,High,Low,Close,Adj Close,Volume,lab,lab2
1/2/2020,6313.12793,6317.013184,6263.675781,6283.581055,6283.581055,3304370000,1/2/2020,1/2/2020
1/3/2020,6306.187012,6323.46582,6287.706055,6323.46582,6323.46582,4462530000,,
1/6/2020,6293.499023,6300.436035,6252.634766,6257.402832,6257.402832,4142130000,,
1/7/2020,6272.220215,6284.89209,6246.128906,6279.346191,6279.346191,3944160000,,
1/8/2020,6248.442871,6250.12207,6218.129883,6225.686035,6225.686035,4462260000,,1/8/2020
1/9/2020,6248.661133,6274.493164,6238.98291,6274.493164,6274.493164,4186840000,,
1/10/2020,6287.166992,6295.370117,6271.97998,6274.940918,6274.940918,5221350000,,
1/13/2020,6287.912109,6297.775879,6269.480957,6296.566895,6296.566895,4400380000,,
1/14/2020,6308.890137,6325.405762,6298.60791,6325.405762,6325.405762,4446740000,1/14/2020,1/14/2020
1/15/2020,6326.166016,6348.525879,6255.498047,6283.365234,6283.365234,5108920000,,
1/16/2020,6275.956055,6299.541016,6255.493164,6286.047852,6286.047852,4211830000,,
1/17/2020,6293.782227,6301.484863,6266.932129,6291.657227,6291.657227,3759790000,,
1/20/2020,6310.500977,6312.98877,6240.189941,6245.042969,6245.042969,3881820000,,1/20/2020
1/21/2020,6251.99707,6257.884766,6226.063965,6238.152832,6238.152832,4192960000,,
1/22/2020,6241.575195,6265.51416,6223.189941,6233.453125,6233.453125,5107780000,,
1/23/2020,6243.998047,6255.042969,6229.130859,6249.209961,6249.209961,4125650000,,
1/24/2020,6242.834961,6258.851074,6234.825195,6244.108887,6244.108887,3882890000,1/24/2020,1/24/2020
1/27/2020,6240.817871,6242.176758,6130.928223,6133.208008,6133.208008,4372300000,,
1/28/2020,6111.184082,6111.184082,6111.184082,6111.184082,6111.184082,0,,
1/29/2020,6123.095215,6152.588867,6102.795898,6113.044922,6113.044922,3460530000,,
1/30/2020,6057.596191,6057.596191,6057.596191,6057.596191,6057.596191,0,,1/30/2020
1/31/2020,6076.458984,6078.930176,5937.021973,5940.047852,5940.047852,4150870000,,
2/3/2020,5920.967773,5942.782227,5877.201172,5884.169922,5884.169922,3495100000,,
2/4/2020,5947.506836,5952.946777,5911.375,5922.338867,5922.338867,3621770000,,
2/5/2020,5955.519043,5978.509766,5924.374023,5978.509766,5978.509766,3978660000,2/5/2020,2/5/2020
2/6/2020,6002.919922,6013.699219,5969.484863,5987.14502,5987.14502,3990970000,,
2/7/2020,5988.058105,6004.812012,5981.644043,5999.606934,5999.606934,3528170000,,
2/10/2020,5993.376953,5996.46582,5937.380859,5952.083008,5952.083008,3430540000,,
2/11/2020,5974,5975.160156,5946.220215,5954.396973,5954.396973,3370000000,,2/11/2020
2/12/2020,5957.060059,5962.347168,5895.724121,5913.081055,5913.081055,2925680000,,
2/13/2020,5921.912109,5929.499023,5860.254883,5871.954102,5871.954102,3324820000,,
2/14/2020,5857.721191,5890.028809,5843.432129,5866.944824,5866.944824,2765520000,,
2/17/2020,5863.914063,5878.463867,5853.598145,5867.522949,5867.522949,2872330000,2/17/2020,2/17/2020
2/18/2020,5856.880859,5907.13916,5855.924805,5886.961914,5886.961914,3464140000,,
2/19/2020,5898.899902,5928.791016,5898.701172,5928.791016,5928.791016,3451780000,,
2/20/2020,5941.450195,5960.712891,5929.14502,5942.486816,5942.486816,3735010000,,
2/21/2020,5940.785156,5944.205078,5873.731934,5882.254883,5882.254883,3666540000,,2/21/2020
2/24/2020,5846.145996,5863.124023,5787.919922,5807.049805,5807.049805,4003960000,,
2/25/2020,5784.736816,5814.679199,5752.334961,5787.138184,5787.138184,3950260000,,
2/26/2020,5757.166992,5757.740234,5688.920898,5688.920898,5688.920898,3952130000,,
2/27/2020,5680.437012,5684.286133,5526.816895,5535.693848,5535.693848,4130870000,2/27/2020,2/27/2020
2/28/2020,5436.171875,5456.275879,5288.370117,5452.704102,5452.704102,4963680000,,
3/2/2020,5455.045898,5491.134766,5354.620117,5361.246094,5361.246094,4023500000,,
3/3/2020,5431.295898,5545.773926,5431.295898,5518.62793,5518.62793,4297430000,,
3/4/2020,5524.094238,5651.85498,5516.805176,5650.13623,5650.13623,4525540000,,3/4/2020
3/5/2020,5688.778809,5715.940918,5613.719238,5638.129883,5638.129883,4068400000,,
3/6/2020,5575.565918,5577.801758,5498.540039,5498.540039,5498.540039,3243090000,,
3/9/2020,5364.604004,5364.604004,5133.150879,5136.809082,5136.809082,4273760000,,
3/10/2020,5149.493164,5278.422852,5149.452148,5220.826172,5220.826172,4449570000,3/10/2020,3/10/2020
3/11/2020,5231.608887,5264.47998,5112.318848,5154.10498,5154.10498,4665010000,,
3/12/2020,5040.964844,5040.987793,4895.748047,4895.748047,4895.748047,3699290000,,
3/13/2020,4895.748047,4937.993164,4639.914063,4907.570801,4907.570801,4628860000,,
3/16/2020,4907.570801,4907.570801,4677.75,4690.657227,4690.657227,3047190000,,3/16/2020
3/17/2020,4690.657227,4698.043945,4447.956055,4456.749023,4456.749023,3066220000,,
3/18/2020,4456.749023,4473.824219,4284.674805,4330.673828,4330.673828,3864290000,,
3/19/2020,4330.673828,4330.673828,4093.714111,4105.421875,4105.421875,2638370000,,
3/20/2020,4105.421875,4238.263184,3918.340088,4194.943848,4194.943848,6300830000,3/20/2020,3/20/2020
3/23/2020,4194.943848,4194.943848,3975.190918,3989.51709,3989.51709,3251430000,,
3/24/2020,3989.51709,4123.562012,3911.716064,3937.63208,3937.63208,4574410000,,
3/26/2020,3937.63208,4370.660156,3935.914063,4338.903809,4338.903809,8110010000,,
3/27/2020,4338.903809,4697.666016,4338.903809,4545.570801,4545.570801,7785110000,,3/27/2020
3/30/2020,4545.570801,4545.570801,4317.713867,4414.5,4414.5,2755220000,,
3/31/2020,4414.5,4569.473145,4414.5,4538.930176,4538.930176,4342660000,,
4/1/2020,4538.930176,4627.417969,4445.138184,4466.037109,4466.037109,4184800000,,
4/2/2020,4466.037109,4531.685059,4393.668945,4531.685059,4531.685059,4601150000,4/2/2020,4/2/2020
4/3/2020,4531.685059,4623.429199,4531.685059,4623.429199,4623.429199,5868430000,,
4/6/2020,4623.429199,4811.827148,4623.429199,4811.827148,4811.827148,7045290000,,
4/7/2020,4811.827148,4975.536133,4721.721191,4778.63916,4778.63916,8622480000,,
4/8/2020,4778.63916,4780.214844,4583.900879,4626.694824,4626.694824,4555770000,,4/8/2020
4/9/2020,4626.694824,4669.709961,4562.901855,4649.079102,4649.079102,5352310000,,
4/13/2020,4649.079102,4659.029785,4591.728027,4623.894043,4623.894043,4558660000,,
4/14/2020,4623.894043,4706.491211,4623.894043,4706.491211,4706.491211,5522640000,,
4/15/2020,4706.491211,4747.725098,4605.054199,4625.904785,4625.904785,6305960000,4/15/2020,4/15/2020
4/16/2020,4480.606934,4480.606934,4480.606934,4480.606934,4480.606934,0,,
4/17/2020,4480.606934,4637.242188,4480.606934,4634.820801,4634.820801,5454730000,,
4/20/2020,4634.820801,4669.541992,4573.773926,4575.904785,4575.904785,5211350000,,
4/21/2020,4575.904785,4575.904785,4482.63916,4501.918945,4501.918945,4232850000,,4/21/2020
4/22/2020,4501.918945,4580.680176,4441.089844,4567.562012,4567.562012,4836890000,,
4/23/2020,4567.562012,4629.025879,4567.562012,4593.554199,4593.554199,4946370000,,
4/24/2020,4593.554199,4593.830078,4496.063965,4496.063965,4496.063965,4612260000,,
4/27/2020,4496.063965,4541.312012,4474.893066,4513.141113,4513.141113,3677470000,4/27/2020,4/27/2020
4/28/2020,4513.141113,4532.378906,4494.470215,4529.554199,4529.554199,4544050000,,
4/29/2020,4529.554199,4568.665039,4523.955078,4567.323242,4567.323242,4146180000,,
4/30/2020,4567.323242,4726.773926,4567.323242,4716.402832,4716.402832,6022970000,,
5/4/2020,4716.402832,4716.402832,4576.228027,4605.486816,4605.486816,3908420000,,5/4/2020
5/5/2020,4605.486816,4667.786133,4605.486816,4630.132813,4630.132813,4782950000,,
5/6/2020,4630.132813,4647.524902,4597.750977,4608.790039,4608.790039,4507930000,,
5/8/2020,4608.790039,4630.588867,4586.73877,4597.430176,4597.430176,4779870000,,
5/11/2020,4597.430176,4659.861816,4597.430176,4639.10498,4639.10498,4546100000,5/11/2020,5/11/2020
5/12/2020,4639.10498,4644.134766,4552.387207,4588.733887,4588.733887,4690690000,,
5/13/2020,4588.733887,4588.733887,4519.978027,4554.358887,4554.358887,4509230000,,
5/14/2020,4554.358887,4564.149902,4494.153809,4513.833984,4513.833984,4734260000,,
5/15/2020,4513.833984,4540.420898,4460.272949,4507.606934,4507.606934,4625720000,,5/15/2020
5/18/2020,4507.606934,4527.967773,4487.179199,4511.058105,4511.058105,4515690000,,
5/19/2020,4511.058105,4609.041992,4511.058105,4548.655762,4548.655762,5166530000,,
5/20/2020,4548.655762,4561.554199,4521.470215,4545.952148,4545.952148,4246480000,,
5/26/2020,4545.952148,4634.652832,4541.833984,4626.798828,4626.798828,5375750000,5/26/2020,5/26/2020
5/27/2020,4626.798828,4641.555176,4597.37207,4641.555176,4641.555176,6098540000,,
5/28/2020,4641.555176,4741.603027,4638.808105,4716.185059,4716.185059,6854960000,,
5/29/2020,4716.185059,4755.957031,4704.788086,4753.611816,4753.611816,10479130000,,
6/2/2020,4753.611816,4884.01123,4753.611816,4847.506836,4847.506836,7313550000,,6/2/2020
6/3/2020,4847.506836,4960.070801,4847.506836,4941.005859,4941.005859,10163150000,,
6/4/2020,4941.005859,5014.76416,4899.390137,4916.704102,4916.704102,11093380000,,
6/5/2020,4916.704102,4948.512207,4851.148926,4947.782227,4947.782227,8686480000,,
6/8/2020,4947.782227,5103.085938,4947.782227,5070.561035,5070.561035,13816920000,6/8/2020,6/8/2020
6/9/2020,5070.561035,5139.405762,5023.76709,5035.055176,5035.055176,11514060000,,
6/10/2020,5035.055176,5036.855957,4892.817871,4920.682129,4920.682129,8423470000,,
6/11/2020,4920.682129,4931.242188,4812.192871,4854.753906,4854.753906,7165520000,,
6/12/2020,4854.753906,4880.358887,4712.073242,4880.358887,4880.358887,8088500000,,6/12/2020
6/15/2020,4880.358887,4918.056152,4809.619141,4816.335938,4816.335938,6413840000,,
6/16/2020,4816.335938,4989.526855,4816.335938,4986.458008,4986.458008,7583670000,,
6/17/2020,4986.458008,5018.984863,4968.925781,4987.775879,4987.775879,6836620000,,
6/18/2020,4987.775879,4993.61377,4925.248047,4925.248047,4925.248047,7087750000,6/18/2020,6/18/2020
6/19/2020,4925.248047,4970.066895,4925.248047,4942.274902,4942.274902,5755670000,,
6/22/2020,4942.274902,4957.666016,4904.766113,4918.831055,4918.831055,4786980000,,
6/23/2020,4918.831055,4938.394043,4879.132813,4879.132813,4879.132813,5488430000,,
6/24/2020,4879.132813,4977.650879,4879.132813,4964.734863,4964.734863,6246650000,,6/24/2020
6/25/2020,4964.734863,4964.734863,4883.709961,4896.72998,4896.72998,5070590000,,
6/26/2020,4896.72998,4941.138184,4882.141113,4904.087891,4904.087891,4428030000,,
6/29/2020,4904.087891,4909.905762,4862.041016,4901.817871,4901.817871,4417450000,,
6/30/2020,4901.817871,4939.839844,4894.120117,4905.39209,4905.39209,5127910000,6/30/2020,6/30/2020
7/1/2020,4905.39209,4928.611816,4885.602051,4914.388184,4914.388184,4324340000,,
7/2/2020,4914.388184,4966.779785,4914.388184,4966.779785,4966.779785,5539620000,,
7/3/2020,4966.779785,4997.481934,4964.10791,4973.793945,4973.793945,5572340000,,
7/6/2020,4973.793945,5009.345215,4973.490234,4988.866211,4988.866211,6428210000,,7/6/2020
7/7/2020,4988.866211,5011.712891,4982.333984,4987.082031,4987.082031,7283460000,,
7/8/2020,4987.082031,5080.251953,4985.01709,5076.173828,5076.173828,7349900000,,
7/9/2020,5076.173828,5111.563965,5041.930176,5052.793945,5052.793945,7979430000,,
7/10/2020,5052.793945,5076.520996,5022.169922,5031.255859,5031.255859,6768450000,7/10/2020,7/10/2020
7/13/2020,5031.255859,5075.098145,5024.934082,5064.446777,5064.446777,6533190000,,
7/14/2020,5064.446777,5079.12207,5053.722168,5079.12207,5079.12207,7153050000,,
7/15/2020,5079.12207,5116.463867,5069.380859,5075.797852,5075.797852,8258050000,,
7/16/2020,5075.797852,5107.259766,5075.797852,5098.374023,5098.374023,6871040000,,7/16/2020
7/17/2020,5098.374023,5110.430176,5073.557129,5079.584961,5079.584961,6170910000,,
7/20/2020,5079.584961,5100.191895,5031.888184,5051.105957,5051.105957,6863210000,,
7/21/2020,5051.105957,5135.559082,5047.085938,5114.708984,5114.708984,8315680000,,
7/22/2020,5114.708984,5142.043945,5099.566895,5110.187012,5110.187012,7945410000,7/22/2020,7/22/2020
7/23/2020,5110.220215,5162.97998,5110.220215,5145.009766,5145.009766,9880000000,,
7/24/2020,5145.01123,5149.589844,5074.492188,5082.991211,5082.991211,9701380000,,
7/27/2020,5082.991211,5116.666016,5080.121094,5116.666016,5116.666016,10352330000,,
7/28/2020,5116.666016,5143.286133,5097.418945,5112.98877,5112.98877,9189040000,,7/28/2020
7/29/2020,5111.109863,5149.629883,5091.399902,5149.629883,5149.629883,8075000000,,
7/30/2020,5111.112793,5149.626953,5091.399902,5149.626953,5149.626953,8074990000,,
8/3/2020,5149.626953,5157.272949,4928.467773,5006.223145,5006.223145,8381520000,,
8/4/2020,5006.223145,5075.001953,5006.223145,5075.001953,5075.001953,7376660000,8/4/2020,8/4/2020
8/5/2020,5075.001953,5127.050781,5059.088867,5127.050781,5127.050781,8461130000,,
8/6/2020,5127.050781,5187.963867,5127.050781,5178.271973,5178.271973,9045240000,,
8/7/2020,5178.271973,5187.374023,5119.683105,5143.893066,5143.893066,9128240000,,
8/10/2020,5157.833984,5157.833984,5157.833984,5157.833984,5157.833984,0,,8/10/2020
8/11/2020,5157.930176,5201.450195,5157.930176,5190.169922,5190.169922,8840000000,,
8/12/2020,5190.166016,5235.52002,5178.458984,5233.452148,5233.452148,9680740000,,
8/13/2020,5233.452148,5279.349121,5218.413086,5239.25,5239.25,8460170000,,
8/14/2020,5239.25,5255.374023,5221.919922,5247.689941,5247.689941,7039760000,8/14/2020,8/14/2020
8/18/2020,5247.689941,5316.132813,5243.995117,5295.173828,5295.173828,9564240000,,
8/19/2020,5295.173828,5327.315918,5268.506836,5272.810059,5272.810059,9267640000,,
8/24/2020,5272.810059,5294.153809,5261.408203,5277.041016,5277.041016,13841080000,,
8/25/2020,5277.041016,5341.376953,5276.957031,5338.888184,5338.888184,14651020000,,8/25/2020
8/26/2020,5338.888184,5351.471191,5324.612793,5340.328125,5340.328125,13772920000,,
8/27/2020,5340.328125,5371.472168,5325.487793,5371.472168,5371.472168,13454970000,,
8/28/2020,5371.472168,5381.948242,5325.60498,5346.65918,5346.65918,10795590000,,
8/31/2020,5346.65918,5369.446777,5233.143066,5238.486816,5238.486816,12408800000,8/31/2020,8/31/2020
9/1/2020,5238.486816,5310.679199,5219.208008,5310.679199,5310.679199,9046580000,,
9/2/2020,5310.679199,5337.099121,5295.276855,5311.970215,5311.970215,12161380000,,
9/3/2020,5311.970215,5331.167969,5242.171875,5280.812988,5280.812988,13692300000,,
9/4/2020,5280.812988,5280.812988,5188.608887,5239.851074,5239.851074,9509580000,,9/4/2020
9/7/2020,5235.009766,5245.349121,5195.865234,5230.195801,5230.195801,8011160000,,
9/8/2020,5232.917969,5256.305176,5232.917969,5244.071777,5244.071777,10335320000,,
9/9/2020,5214.032227,5216.02002,5135.812012,5149.375977,5149.375977,10122030000,,
9/10/2020,5084.326172,5084.483887,4878.279785,4891.460938,4891.460938,8238470000,9/10/2020,9/10/2020
9/11/2020,4804.644043,5016.711914,4754.798828,5016.711914,5016.711914,12581240000,,
9/14/2020,5060.023926,5161.828125,5059.26709,5161.828125,5161.828125,10986560000,,
9/15/2020,5169.245117,5187.278809,5091.293945,5100.865234,5100.865234,11364550000,,
9/16/2020,5108.12793,5117.287109,5051.753906,5058.481934,5058.481934,8876910000,,9/16/2020
9/17/2020,5058.950195,5099.577148,5013.186035,5038.400879,5038.400879,8530500000,,
9/18/2020,5037.369141,5072.680176,5023.443848,5059.223145,5059.223145,10575160000,,
9/21/2020,5058.990234,5075.818848,4987.748047,4999.359863,4999.359863,10645210000,,
9/22/2020,4947.730957,4978.440918,4919.109863,4934.092773,4934.092773,7479220000,9/22/2020,9/22/2020
9/23/2020,4946.50293,4984.23877,4873.020996,4917.955078,4917.955078,7060920000,,
9/24/2020,4876.351074,4897.336914,4820.331055,4842.755859,4842.755859,6567340000,,
9/25/2020,4867.962891,4949.303223,4848.024902,4945.791016,4945.791016,8884390000,,
9/28/2020,4962.953125,4991.762207,4905.51123,4906.547852,4906.547852,8377230000,,9/28/2020
9/29/2020,4929.333008,4950.967773,4859.786133,4879.098145,4879.098145,8648170000,,
9/30/2020,4896.432129,4903.86377,4841.361816,4870.039063,4870.039063,8537800000,,
10/1/2020,4899.644043,4970.094238,4898.99707,4970.094238,4970.094238,9636210000,,
10/2/2020,4969.245117,4972.823242,4881.913086,4926.733887,4926.733887,8881530000,10/2/2020,10/2/2020
10/5/2020,4947.040039,4962.792969,4915.685059,4958.769043,4958.769043,7086810000,,
10/6/2020,5004.395996,5023.894043,4992.481934,4999.221191,4999.221191,10854780000,,
10/7/2020,4976.567871,5014.609863,4962.089844,5004.327148,5004.327148,9287070000,,
10/8/2020,5018.736816,5039.14209,5001.519043,5039.14209,5039.14209,8028870000,,10/8/2020
10/9/2020,5036.476074,5057.835938,5029.151855,5053.663086,5053.663086,6901660000,,
10/12/2020,5078.128906,5103.50293,5078.128906,5093.099121,5093.099121,9164210000,,
10/13/2020,5093.421875,5132.958984,5064.170898,5132.571777,5132.571777,11062100000,,
10/14/2020,5134.662109,5177.924805,5125.044922,5176.099121,5176.099121,11987670000,10/14/2020,10/14/2020
10/15/2020,5172.59082,5182.530762,5105.149902,5105.149902,5105.149902,11052370000,,
10/16/2020,5111.434082,5115.558105,5067.588867,5103.414063,5103.414063,9248040000,,
10/19/2020,5116.757813,5128.651855,5090.776855,5126.330078,5126.330078,11111220000,,
10/20/2020,5120.913086,5135.078125,5080.956055,5099.839844,5099.839844,8859260000,,10/20/2020
10/21/2020,5116.790039,5131.506836,5083.660156,5096.445801,5096.445801,10478670000,,
10/22/2020,5084.790039,5093.825195,5063.696777,5091.815918,5091.815918,12292250000,,
10/23/2020,5112.787109,5121.02002,5095.506836,5112.187988,5112.187988,9549830000,,
10/26/2020,5113.148926,5158.265137,5113.022949,5144.048828,5144.048828,10331410000,10/26/2020,10/26/2020
10/27/2020,5133.537109,5155.565918,5110.618164,5128.225098,5128.225098,10712240000,,
11/2/2020,5108.028809,5130.686035,5073.5,5115.12793,5115.12793,9764620000,,
11/3/2020,5133.981934,5162.347168,5131.949219,5159.452148,5159.452148,10135110000,,
11/4/2020,5170.823242,5188.008789,5105.199219,5105.199219,5105.199219,10397430000,,11/4/2020
11/5/2020,5161.390137,5260.326172,5161.390137,5260.326172,5260.326172,10883200000,,
11/6/2020,5276.164063,5335.528809,5246.701172,5335.528809,5335.528809,10473210000,,
11/9/2020,5371.971191,5395.711914,5319.419922,5356.004883,5356.004883,12151650000,,
11/10/2020,5424.731934,5469.183105,5412.594238,5462.73877,5462.73877,14959650000,11/10/2020,11/10/2020
11/11/2020,5475.564941,5520.908203,5471.591797,5509.513184,5509.513184,16523870000,,
11/12/2020,5494.484863,5500.416016,5449.796875,5458.602051,5458.602051,11977790000,,
11/13/2020,5449.101074,5466.563965,5427.631836,5461.058105,5461.058105,11342880000,,
11/16/2020,5500.03418,5519.679199,5462.459961,5494.87207,5494.87207,11990750000,,11/16/2020
11/17/2020,5516.580078,5562.537109,5515.519043,5529.939941,5529.939941,14681140000,,
11/18/2020,5530.875977,5574.728027,5530.875977,5557.518066,5557.518066,14075300000,,
11/19/2020,5541.421875,5598.523926,5541.313965,5594.059082,5594.059082,16666520000,,
11/20/2020,5602.783203,5628.441895,5563.654785,5571.655762,5571.655762,21579730000,11/20/2020,11/20/2020
11/23/2020,5583.330078,5652.76416,5583.330078,5652.76416,5652.76416,18994310000,,
11/24/2020,5677.299805,5710.380859,5667.368164,5701.028809,5701.028809,24046940000,,
11/25/2020,5735.13623,5770.661133,5666.76416,5679.24707,5679.24707,32542330000,,
11/26/2020,5669.664063,5759.916016,5669.664063,5759.916016,5759.916016,24829250000,,11/26/2020
11/27/2020,5773.555176,5795.835938,5745.884766,5783.334961,5783.334961,25143490000,,
11/30/2020,5779.670898,5798.291992,5563.861816,5612.415039,5612.415039,31990050000,,
12/1/2020,5637.894043,5736.318848,5594.277832,5724.742188,5724.742188,20947770000,,
12/2/2020,5755.175781,5813.986816,5734.26123,5813.986816,5813.986816,21911020000,12/2/2020,12/2/2020
12/3/2020,5833.323242,5853.155762,5797.013184,5822.941895,5822.941895,23839740000,,
12/4/2020,5820.819824,5823.324219,5775.569824,5810.48291,5810.48291,17385790000,,
12/7/2020,5854.303223,5941.352051,5854.303223,5930.758789,5930.758789,22679030000,,
12/8/2020,5947.658203,5961.778809,5911.098145,5944.40918,5944.40918,29420510000,,12/8/2020
12/10/2020,5976.999023,6004.422852,5911.914063,5933.698242,5933.698242,26458760000,,
12/11/2020,5946.358887,5976.568848,5924.371094,5938.329102,5938.329102,21765450000,,
12/14/2020,5959.274902,6013.951172,5959.274902,6012.516113,6012.516113,22687610000,,
12/15/2020,6013.51123,6023.214844,5965.805176,6010.12793,6010.12793,19441120000,12/15/2020,12/15/2020
12/16/2020,6046.866211,6123.953125,6046.866211,6118.401855,6118.401855,29104290000,,
12/17/2020,6133.096191,6160.977051,6075.832031,6113.381836,6113.381836,32173700000,,
12/18/2020,6106.250977,6142.85791,6091.397949,6104.324219,6104.324219,25798140000,,
12/21/2020,6131.623047,6195.153809,6119.917969,6165.624023,6165.624023,23861270000,,12/21/2020
12/22/2020,6146.645996,6174.458984,6010.210938,6023.289063,6023.289063,25008520000,,
12/23/2020,6061.848145,6104.35498,5853.26123,6008.708984,6008.708984,20352850000,,
12/28/2020,6067,6095.007813,5979.904785,6093.554199,6093.554199,18085570000,,
12/29/2020,6112.720215,6143.870117,6026.705078,6036.173828,6036.173828,17513500000,12/29/2020,12/29/2020
12/30/2020,6052.121094,6055.970215,5962.009766,5979.073242,5979.073242,17003930000,,
1/4/2021,5997.830078,6104.897949,5929.047852,6104.897949,6104.897949,18391700000,,
1/5/2021,6105.793945,6145.612793,6073.416016,6137.342773,6137.342773,17468700000,,
1/6/2021,6139.137207,6166.628906,5987.785156,6065.682129,6065.682129,19916380000,,1/6/2021
1/7/2021,6091.716797,6158.037109,6090.36084,6153.632813,6153.632813,22751790000,,
1/8/2021,6190.948242,6275.742188,6190.101074,6257.834961,6257.834961,22175130000,,
1/11/2021,6278.413086,6382.937012,6278.374023,6382.937012,6382.937012,29790110000,,
1/12/2021,6393.902832,6435.959961,6353.307129,6395.668945,6395.668945,27960340000,1/12/2021,1/12/2021
1/13/2021,6439.934082,6464.350098,6393.898926,6435.205078,6435.205078,34300810000,,
1/14/2021,6445.900879,6465.532227,6407.569824,6428.314941,6428.314941,34481200000,,
1/15/2021,6447.984863,6472.312012,6341.250977,6373.412109,6373.412109,26227590000,,
1/18/2021,6365.025879,6428.314941,6316.875,6389.833984,6389.833984,33756940000,,1/18/2021
1/19/2021,6421.86084,6434.842773,6288.978027,6321.855957,6321.855957,22371690000,,
1/20/2021,6334.512207,6440.796875,6299.39209,6429.757813,6429.757813,19094410000,,
1/21/2021,6476.094238,6504.992188,6399.666016,6413.89209,6413.89209,17108040000,,
1/22/2021,6419.573242,6428.49707,6283.312988,6307.126953,6307.126953,15791850000,1/22/2021,1/22/2021
1/25/2021,6322.519043,6322.727051,6148.307129,6258.571777,6258.571777,15480620000,,
1/26/2021,6252.713867,6269.665039,6123.008789,6140.170898,6140.170898,17215980000,,
1/27/2021,6153.078125,6154.60498,5998.898926,6109.167969,6109.167969,18140260000,,
1/28/2021,6065.788086,6123.460938,5957.551758,5979.387207,5979.387207,15733620000,,1/28/2021
1/29/2021,6010.342773,6068.12793,5825.291992,5862.352051,5862.352051,14766480000,,
2/1/2021,5856.776855,6070.734863,5735.469238,6067.544922,6067.544922,20888680000,,
2/2/2021,6119.01123,6157.249023,6018.094238,6043.84082,6043.84082,22730780000,,
2/3/2021,6096.583984,6137.681152,6047.412109,6077.745117,6077.745117,15387440000,2/3/2021,2/3/2021
2/4/2021,6111.757813,6179.368164,6069.549805,6107.21582,6107.21582,14824190000,,
2/5/2021,6136.393066,6151.729004,6090.980957,6151.729004,6151.729004,13466910000,,
2/8/2021,6193.550781,6224.414063,6180.731934,6208.866211,6208.866211,16158690000,,
2/9/2021,6232.102051,6286.291016,6157.134766,6181.671875,6181.671875,17527340000,,2/9/2021
2/10/2021,6198.032227,6216.938965,6168.013184,6201.828125,6201.828125,12260870000,,
2/11/2021,6221.633789,6232.850098,6194.009766,6222.520996,6222.520996,10401400000,,
2/15/2021,6244.384766,6283.415039,6244.384766,6270.324219,6270.324219,12395610000,,
2/16/2021,6291.007813,6308.811035,6274.353027,6292.395996,6292.395996,14417370000,2/16/2021,2/16/2021
2/17/2021,6292.970215,6314.555176,6209.314941,6227.728027,6227.728027,16990710000,,
2/18/2021,6230.356934,6281.35791,6200.308105,6200.308105,6200.308105,16745520000,,
2/19/2021,6196.898926,6231.932129,6173.594238,6231.932129,6231.932129,13362560000,,
2/22/2021,6267.024902,6312.873047,6255.312012,6255.312012,6255.312012,14500570000,,2/22/2021
2/23/2021,6267.454102,6279.143066,6241.951172,6272.807129,6272.807129,12627280000,,
2/24/2021,6283.794922,6294.140137,6223.648926,6251.054199,6251.054199,15222180000,,
2/25/2021,6280.727051,6309.757813,6274.49707,6289.645996,6289.645996,23749010000,,
2/26/2021,6246.316895,6302.394043,6184.51709,6241.795898,6241.795898,21949320000,2/26/2021,2/26/2021
3/1/2021,6281.856934,6339.008789,6261.559082,6338.513184,6338.513184,17307950000,,
3/2/2021,6367.438965,6388.121094,6329.498047,6359.205078,6359.205078,18067670000,,
3/3/2021,6378.797852,6394.452148,6334.244141,6376.756836,6376.756836,24235870000,,
3/4/2021,6355.375977,6369.411133,6270.10791,6290.798828,6290.798828,23820720000,,3/4/2021
3/5/2021,6263.043945,6307.683105,6245.308105,6258.749023,6258.749023,15355770000,,
3/8/2021,6304,6325.515137,6239.049805,6248.464844,6248.464844,15571840000,,
3/9/2021,6258.669922,6267.423828,6167.717773,6199.646973,6199.646973,18810670000,,
3/10/2021,6233.616211,6276.158203,6225.455078,6264.679199,6264.679199,12195760000,3/10/2021,3/10/2021
3/12/2021,6316.880859,6364.356934,6298.522949,6358.208984,6358.208984,18624180000,,
3/15/2021,6374.762207,6387.73584,6324.258789,6324.258789,6324.258789,13789550000,,
3/16/2021,6347.188965,6355.411133,6296.896973,6309.699219,6309.699219,15506150000,,
3/17/2021,6318.068848,6321.336914,6268.838867,6277.228027,6277.228027,13804490000,,3/17/2021
3/18/2021,6309.575195,6358.425781,6307,6347.829102,6347.829102,14971820000,,
3/19/2021,6346.008789,6356.160156,6307.101074,6356.160156,6356.160156,16208920000,,
3/22/2021,6346.794922,6354.938965,6290.021973,6301.130859,6301.130859,12863850000,,
3/23/2021,6331.698242,6342.129883,6245.991211,6252.711914,6252.711914,17380500000,3/23/2021,3/23/2021
3/24/2021,6231.712891,6239.546875,6143.380859,6156.140137,6156.140137,13829000000,,
3/25/2021,6159.619141,6176.426758,6058.842773,6122.875977,6122.875977,14735300000,,
3/26/2021,6141.605957,6195.562012,6106.078125,6195.562012,6195.562012,12428410000,,
3/29/2021,6205.568848,6230.990234,6165.553223,6166.817871,6166.817871,11460980000,,3/29/2021
3/30/2021,6163.721191,6170.668945,6046.467773,6071.441895,6071.441895,11868660000,,
3/31/2021,6062.950195,6066.836914,5892.64502,5985.521973,5985.521973,12307140000,,
4/1/2021,5988.022949,6020.164063,5960.816895,6011.456055,6011.456055,10636740000,,
4/5/2021,6040.055176,6051.621094,5964.483887,5970.286133,5970.286133,12205360000,4/5/2021,4/5/2021
4/6/2021,5973.986816,6008.504883,5944.420898,6002.77002,6002.77002,12638610000,,
4/7/2021,6011.958008,6040.456055,5982.066895,6036.616211,6036.616211,14152380000,,
4/8/2021,6035.037109,6073.914063,6030.286133,6071.724121,6071.724121,16954640000,,
4/9/2021,6101.723145,6113.155762,6070.208984,6070.208984,6070.208984,16127560000,,4/9/2021
4/12/2021,6080.791992,6088.828125,5942.713867,5948.568848,5948.568848,13024420000,,
4/13/2021,5944.525879,5957.611816,5883.523926,5927.435059,5927.435059,10737540000,,
4/14/2021,5964.029785,6050.275879,5962.316895,6050.275879,6050.275879,14188320000,,
4/15/2021,6057.61084,6079.500977,6029.153809,6079.500977,6079.500977,13216770000,4/15/2021,4/15/2021
4/16/2021,6102.37793,6115.620117,6062.921875,6086.257813,6086.257813,15802450000,,
4/19/2021,6084.785156,6096.995117,6031.832031,6052.540039,6052.540039,15984550000,,
4/20/2021,6029.992188,6045.693848,5997.948242,6038.321777,6038.321777,10671240000,,
4/21/2021,6010.268066,6025.5,5989.983887,5993.242188,5993.242188,11732780000,,4/21/2021
4/22/2021,6004.793945,6024.937988,5980.455078,5994.184082,5994.184082,13977830000,,
4/23/2021,6000.912109,6027.059082,5973.24707,6016.86377,6016.86377,15153030000,,
4/26/2021,6018.339844,6027.75293,5955.618164,5964.820801,5964.820801,12279770000,,
4/27/2021,5986.996094,6003.917969,5950.868164,5959.621094,5959.621094,12292860000,4/27/2021,4/27/2021
4/28/2021,5959.951172,5981.895996,5953.942871,5974.479004,5974.479004,12768100000,,
4/29/2021,6005.798828,6019.024902,5987.743164,6012.960938,6012.960938,13096240000,,
4/30/2021,6026.527832,6033.899902,5985.021973,5995.616211,5995.616211,13684170000,,
5/3/2021,5999.661133,6004.007813,5938.875977,5952.597168,5952.597168,15201570000,,5/3/2021
5/4/2021,5955.39502,5974.682129,5932.317871,5963.819824,5963.819824,14153810000,,
5/5/2021,5974.560059,5992.932129,5971.309082,5975.911133,5975.911133,13124110000,,
5/6/2021,5987.065918,6005.087891,5950.899902,5970.240234,5970.240234,12044830000,,
5/7/2021,5987.330078,5994.330078,5922.493164,5928.309082,5928.309082,12183520000,5/7/2021,5/7/2021
5/10/2021,5942.105957,5985.37207,5941.926758,5975.787109,5975.787109,12014470000,,
5/11/2021,5965.852051,5966.664063,5911.375977,5938.351074,5938.351074,12081110000,,
5/17/2021,5950.137207,5958.792969,5817.707031,5833.859863,5833.859863,15060490000,,
5/18/2021,5836.083984,5855.666992,5782.776855,5834.394043,5834.394043,16032990000,,5/18/2021
5/19/2021,5817.13623,5828.210938,5752.256836,5760.583984,5760.583984,13829860000,,
5/20/2021,5759.629883,5814.779785,5751.34082,5797.597168,5797.597168,11402560000,,
5/21/2021,5824.109863,5838.229004,5742.038086,5773.120117,5773.120117,13370300000,,
5/24/2021,5793.066895,5805.152832,5759.339844,5763.631836,5763.631836,14137190000,5/24/2021,5/24/2021
5/25/2021,5772.937012,5848.554199,5769.287109,5815.839844,5815.839844,14461370000,,
5/27/2021,5850.501953,5904.837891,5841.828125,5841.828125,5841.828125,21185920000,,
5/28/2021,5875.270996,5891.472168,5833.342773,5848.616211,5848.616211,18154250000,,
5/31/2021,5869.217773,5947.462891,5860.536133,5947.462891,5947.462891,16904990000,,5/31/2021
6/2/2021,6002.480957,6031.578125,5991.506836,6031.578125,6031.578125,17853710000,,
6/3/2021,6038.856934,6091.513184,6005.63623,6091.513184,6091.513184,18126230000,,
6/4/2021,6091.129883,6103.858887,6043.856934,6065.166016,6065.166016,15865940000,,
6/7/2021,6075.506836,6088,6050.800781,6069.935059,6069.935059,20000070000,6/7/2021,6/7/2021
6/8/2021,6071.25,6075.88623,5992.118164,5999.369141,5999.369141,26515960000,,
6/9/2021,5973.036133,6047.475098,5972.449219,6047.475098,6047.475098,23928930000,,
6/10/2021,6065.925781,6111.445801,6064.933105,6107.538086,6107.538086,21582310000,,
6/11/2021,6118.379883,6134.881836,6084.23877,6095.49707,6095.49707,19652660000,,6/11/2021
6/14/2021,6110.796875,6124.87207,6071.725098,6080.383789,6080.383789,19618670000,,
6/15/2021,6085.36084,6091.367188,6051.245117,6089.038086,6089.038086,16356450000,,
6/16/2021,6071.438965,6114.096191,6049.575195,6078.567871,6078.567871,15295020000,,
6/17/2021,6063.537109,6082.291992,6034.827148,6068.446777,6068.446777,20509590000,6/17/2021,6/17/2021
6/18/2021,6065.519043,6070.416016,5944.053223,6007.120117,6007.120117,23800690000,,
6/21/2021,5959.964844,6021.494141,5884.917969,5996.25293,5996.25293,15999750000,,
6/22/2021,6006.665039,6118.861816,6006.665039,6087.841797,6087.841797,15116790000,,
6/23/2021,6095.89502,6130.096191,6034.542969,6034.542969,6034.542969,19957840000,,6/23/2021
6/24/2021,6052.080078,6060.48877,6003.196777,6012.056152,6012.056152,16854820000,,
6/25/2021,6027.220215,6067.791016,6019.404785,6022.398926,6022.398926,17244160000,,
6/28/2021,6015.278809,6030.890137,5939.471191,5939.471191,5939.471191,14584920000,,
6/29/2021,5944.242188,5992.86377,5913.59082,5949.049805,5949.049805,18880180000,6/29/2021,6/29/2021
6/30/2021,5950.433105,6011.256836,5950.423828,5985.48877,5985.48877,20316710000,,
7/1/2021,6001.121094,6039.03418,5969.099121,6005.958008,6005.958008,14096650000,,
7/2/2021,6020.074219,6043.432129,6014.871094,6023.007813,6023.007813,14676610000,,
7/5/2021,6024.165039,6036.979004,5985.354004,6005.608887,6005.608887,13173200000,,7/5/2021
7/6/2021,6015.581055,6054.60791,6013.062012,6047.11084,6047.11084,16102100000,,
7/7/2021,6062.769043,6066.994141,6022.305176,6044.037109,6044.037109,16551360000,,
7/8/2021,6052.804199,6080.222168,6028.60791,6039.895996,6039.895996,15951350000,,
7/9/2021,6037.003906,6060.541016,6026.547852,6039.844238,6039.844238,13642520000,7/9/2021,7/9/2021
7/12/2021,6060.054199,6097.120117,6055.98584,6078.567871,6078.567871,13538540000,,
7/13/2021,6097.229004,6114.286133,6004.821777,6012.032227,6012.032227,17263590000,,
7/14/2021,6008.241211,6013.041992,5947.618164,5979.214844,5979.214844,13849990000,,
7/15/2021,5986.649902,6046.753906,5982.804199,6046.753906,6046.753906,14103520000,,7/15/2021
7/16/2021,6063.421875,6079.13916,6051.757813,6072.509766,6072.509766,12936770000,,
7/19/2021,6062.96582,6063.646973,6015.148926,6017.394043,6017.394043,12301080000,,
7/21/2021,6034.571777,6053.192871,6020.86377,6029.976074,6029.976074,15305060000,,
7/22/2021,6057.541016,6137.546875,6057.541016,6137.546875,6137.546875,17841780000,7/22/2021,7/22/2021
7/23/2021,6145.76123,6166.305176,6090.603027,6101.689941,6101.689941,14326920000,,
7/26/2021,6109.030762,6137.045898,6091.015137,6106.394043,6106.394043,15621020000,,
7/27/2021,6120.929199,6144.584961,6068.512207,6097.048828,6097.048828,17917370000,,
7/28/2021,6094.541016,6116.504883,6074.867188,6088.522949,6088.522949,16121760000,,7/28/2021
7/29/2021,6106.611816,6135.349121,6096.50293,6120.727051,6120.727051,17889040000,,
7/30/2021,6136.368164,6160.462891,6069.839844,6070.039063,6070.039063,19364170000,,
8/2/2021,6098.007813,6112.829102,6048.101074,6096.542969,6096.542969,21629900000,,
8/3/2021,6107.996094,6142.515137,6105.109863,6130.570801,6130.570801,22680130000,8/3/2021,8/3/2021
8/4/2021,6142.475098,6163.814941,6112.720215,6159.035156,6159.035156,27120110000,,
8/5/2021,6174.60791,6218.645996,6173.574219,6205.416992,6205.416992,26833250000,,
8/6/2021,6223.833984,6263.539063,6190.856934,6203.431152,6203.431152,24545990000,,
8/9/2021,6203.74707,6239.015137,6110.546875,6127.456055,6127.456055,29362230000,,8/9/2021
8/10/2021,6139.339844,6147.765137,6042.475098,6088.408203,6088.408203,20502990000,,
8/12/2021,6092.245117,6139.808105,6051.852051,6139.651855,6139.651855,20695580000,,
8/13/2021,6154.051758,6179.895996,6113.263184,6139.492188,6139.492188,16373930000,,
8/16/2021,6144.942871,6147.304199,6056.736816,6087.913086,6087.913086,17174560000,8/16/2021,8/16/2021
8/18/2021,6109.561035,6136.282227,6040.603027,6118.149902,6118.149902,20898300000,,
8/19/2021,6110.549805,6111.012207,5958.043945,5992.321777,5992.321777,21436150000,,
8/20/2021,5988.757813,6030.771973,5938.407227,6030.771973,6030.771973,20099580000,,
8/23/2021,6037.700195,6109.828125,6037.700195,6109.828125,6109.828125,19378670000,,8/23/2021
8/24/2021,6114.666992,6138.49707,6053.573242,6089.49707,6089.49707,23897330000,,
8/25/2021,6094.14502,6131.910156,6093.095215,6113.240234,6113.240234,21429590000,,
8/26/2021,6107.040039,6119.657227,6034.049805,6058.080078,6058.080078,17298780000,,
8/27/2021,6052.827148,6066.491211,6021.954102,6041.366211,6041.366211,15698980000,8/27/2021,8/27/2021
8/30/2021,6062.112793,6144.901855,6062.112793,6144.901855,6144.901855,15930080000,,
8/31/2021,6148.768066,6158.069824,6117.50293,6150.298828,6150.298828,18913330000,,
9/1/2021,6157.820801,6169.056152,6089.23291,6090.933105,6090.933105,19456380000,,
9/2/2021,6092.650879,6110.049805,6054.280762,6078.229004,6078.229004,17940330000,,9/2/2021
9/3/2021,6085.62793,6126.920898,6056.186035,6126.920898,6126.920898,17148950000,,
9/6/2021,6137.125977,6150.35791,6100.931152,6126.937988,6126.937988,17388790000,,
9/7/2021,6135.870117,6145.48877,6100.943848,6112.399902,6112.399902,18069320000,,
9/8/2021,6114.477051,6123.755859,6001.579102,6026.02002,6026.02002,19639430000,9/8/2021,9/8/2021
9/9/2021,6024.316895,6072.643066,5982.766113,6068.219238,6068.219238,21465190000,,
9/10/2021,6059.154785,6102.831055,6047.608887,6094.873047,6094.873047,19288610000,,
9/13/2021,6080.062012,6094.987793,6052.970215,6088.157227,6088.157227,15887000000,,
9/14/2021,6100.628906,6130.862793,6099.158203,6129.095215,6129.095215,20168330000,,9/14/2021
9/15/2021,6123.910156,6125.333984,6100.003906,6110.229004,6110.229004,18869880000,,
9/16/2021,6126.555176,6137.668945,6098.876953,6109.941895,6109.941895,21887280000,,
9/17/2021,6098.87793,6133.246094,6086.083984,6133.246094,6133.246094,22471950000,,
9/20/2021,6132.03418,6133.170898,6053.932129,6076.314941,6076.314941,17661940000,9/20/2021,9/20/2021
9/21/2021,6049.792969,6068.792969,5996.407227,6060.756836,6060.756836,17960070000,,
9/22/2021,6060.305176,6123.741211,6059.62793,6108.265137,6108.265137,18434930000,,
9/23/2021,6117.643066,6148.146973,6117.576172,6142.711914,6142.711914,21329470000,,
9/24/2021,6142.287109,6163.883789,6119.137207,6144.814941,6144.814941,19629530000,,9/24/2021
9/27/2021,6141.470215,6163.279785,6109.666016,6122.495117,6122.495117,20663290000,,
9/28/2021,6128.058105,6137.954102,6097.722168,6113.111816,6113.111816,27257010000,,
9/29/2021,6100.826172,6162.554199,6086.263184,6162.554199,6162.554199,23072690000,,
9/30/2021,6175.416016,6286.942871,6174.182129,6286.942871,6286.942871,20274570000,9/30/2021,9/30/2021
10/1/2021,6269.237793,6272.064941,6202.905762,6228.845215,6228.845215,19025260000,,
10/4/2021,6234.798828,6342.686035,6234.798828,6342.686035,6342.686035,25788170000,,
10/5/2021,6337.326172,6361.453125,6277.700195,6288.048828,6288.048828,26831840000,,
10/6/2021,6313.652832,6441.503906,6307.108887,6417.323242,6417.323242,23144060000,,10/6/2021
10/7/2021,6414.912109,6458.638184,6392.727051,6416.395996,6416.395996,18323210000,,
10/8/2021,6440,6497.655762,6436.51709,6481.769043,6481.769043,23130230000,,
10/11/2021,6482.957031,6506.091797,6451.678223,6459.696777,6459.696777,20477990000,,
10/12/2021,6462.314941,6504.013184,6460.086914,6486.26709,6486.26709,20460730000,10/12/2021,10/12/2021
10/13/2021,6502.157227,6600.518066,6492.655762,6536.903809,6536.903809,19345070000,,
10/14/2021,6552.210938,6637.399902,6552.210938,6626.11377,6626.11377,17819150000,,
10/15/2021,6645.259766,6680.008789,6573.342773,6633.337891,6633.337891,16014880000,,
10/18/2021,6649.280762,6684.818848,6620.845215,6658.768066,6658.768066,18856530000,,10/18/2021
10/19/2021,6665.719238,6677.597168,6613.88916,6655.998047,6655.998047,18850480000,,
10/21/2021,6670.272949,6687.133789,6602.065918,6632.972168,6632.972168,21506500000,,
10/22/2021,6620.65918,6655.442871,6585.557129,6643.737793,6643.737793,16578220000,,
10/25/2021,6626.367188,6673.515137,6625.696777,6625.696777,6625.696777,17563240000,10/25/2021,10/25/2021
10/26/2021,6640.051758,6680.117188,6638.027832,6656.937012,6656.937012,18019490000,,
10/27/2021,6664.373047,6670.809082,6590.504883,6602.208984,6602.208984,18250360000,,
10/28/2021,6578.583008,6600.24707,6509.87793,6524.076172,6524.076172,18934720000,,
10/29/2021,6561.712891,6596.769043,6551.539063,6591.346191,6591.346191,17151220000,,10/29/2021
11/1/2021,6618.12207,6627.851074,6552.88916,6552.88916,6552.88916,18252890000,,
11/2/2021,6557.944824,6573.693848,6480.009766,6493.274902,6493.274902,16529930000,,
11/3/2021,6497.865234,6561.810059,6485.250977,6552.129883,6552.129883,17160420000,,
11/4/2021,6588.188965,6617.861816,6583.169922,6586.442871,6586.442871,15529100000,11/4/2021,11/4/2021
11/5/2021,6600.722168,6608.424805,6550.117188,6581.785156,6581.785156,15411770000,,
11/8/2021,6599.404785,6637.01123,6592.055176,6632.296875,6632.296875,16744420000,,
11/9/2021,6640.221191,6669.924805,6633.208008,6669.924805,6669.924805,19239220000,,
11/10/2021,6665.548828,6683.14502,6651.797852,6683.14502,6683.14502,15342290000,,11/10/2021
11/11/2021,6694.583008,6704.463867,6671.227051,6691.341797,6691.341797,20919330000,,
11/12/2021,6710.853027,6714.158203,6646.315918,6651.054199,6651.054199,19864670000,,
11/15/2021,6661.849121,6675.595215,6610.823242,6616.028809,6616.028809,20326730000,,
11/16/2021,6598.408203,6654.515137,6592.228027,6651.207031,6651.207031,20703950000,11/16/2021,11/16/2021
11/17/2021,6667.861816,6679.304199,6650.494141,6675.804199,6675.804199,21715840000,,
11/18/2021,6653.700195,6669.786133,6621.692871,6636.469238,6636.469238,24801670000,,
11/19/2021,6651.778809,6720.987793,6651.778809,6720.263184,6720.263184,25878180000,,
11/22/2021,6731.515137,6754.463867,6690.817871,6723.38623,6723.38623,21809720000,,11/22/2021
11/23/2021,6716.157227,6732.897949,6662.538086,6677.875977,6677.875977,18633680000,,
11/24/2021,6697.423828,6698.414063,6668.054199,6683.276855,6683.276855,22458700000,,
11/25/2021,6694.957031,6751.001953,6694.796875,6699.346191,6699.346191,21565540000,,
11/26/2021,6688.568848,6691.711914,6544.895996,6561.553223,6561.553223,24252350000,11/26/2021,11/26/2021
11/29/2021,6552.803223,6617.287109,6487.748047,6608.290039,6608.290039,0,,
11/30/2021,6605.796875,6647.477051,6533.932129,6533.932129,6533.932129,21679860000,,
12/1/2021,6544.51709,6593.074219,6494.49707,6507.676758,6507.676758,19506850000,,
12/2/2021,6517.338867,6586.895996,6484.578125,6583.819824,6583.819824,21083750000,,12/2/2021
12/3/2021,6588.01416,6600.165039,6536.907227,6538.505859,6538.505859,17262550000,,
12/6/2021,6552.815918,6585.263184,6525.984863,6547.116211,6547.116211,18005240000,,
12/7/2021,6575.976074,6608.633789,6573.109863,6602.568848,6602.568848,21235200000,,
12/8/2021,6618.754883,6632.940918,6584.969238,6603.797852,6603.797852,21690160000,12/8/2021,12/8/2021
12/9/2021,6617.132813,6643.932129,6602.876953,6643.932129,6643.932129,24021820000,,
12/10/2021,6618.686035,6652.921875,6605.416016,6652.921875,6652.921875,22917080000,,
12/13/2021,6663.73877,6688.378906,6659.166992,6662.871094,6662.871094,23208630000,,
12/14/2021,6665.382813,6671.312988,6598.694824,6615.637207,6615.637207,18759110000,,12/14/2021
12/15/2021,6615.724121,6662.839844,6610.452148,6626.256836,6626.256836,19601650000,,
12/16/2021,6648.288086,6661.944824,6579.36377,6594.797852,6594.797852,18592990000,,
12/17/2021,6584.887207,6609.044922,6559.303223,6601.932129,6601.932129,21021430000,,
12/20/2021,6571.345215,6579.128906,6533.522949,6547.111816,6547.111816,18134140000,12/20/2021,12/20/2021
12/21/2021,6545.537109,6579.89209,6531.564941,6554.309082,6554.309082,18647070000,,
12/22/2021,6572.535156,6592.166992,6529.592773,6529.592773,6529.592773,18721390000,,
12/23/2021,6537.599121,6570.287109,6531.777832,6555.550781,6555.550781,20997580000,,
12/24/2021,6559.088867,6583.859863,6554.97998,6562.899902,6562.899902,17635760000,,12/24/2021
12/27/2021,6570.558105,6588.425781,6562.554199,6575.443848,6575.443848,17901000000,,
12/28/2021,6588.133789,6615.945801,6586.52002,6598.342773,6598.342773,19179950000,,
12/29/2021,6603.755859,6621.579102,6585.395996,6600.676758,6600.676758,20054950000,,
12/30/2021,6609.442871,6613.728027,6581.481934,6581.481934,6581.481934,19201760000,12/30/2021,12/30/2021
1/3/2022,6586.259766,6677.199219,6586.132813,6665.308105,6665.308105,18255270000,,
1/4/2022,6675.129883,6720.657227,6675.129883,6695.373047,6695.373047,18590010000,,
1/5/2022,6703.171875,6738.109863,6634.838867,6662.298828,6662.298828,17908050000,,
1/6/2022,6674.852051,6679.851074,6593.229004,6653.351074,6653.351074,17999050000,,1/6/2022
1/7/2022,6669.51123,6712.146973,6647.712891,6701.315918,6701.315918,15706470000,,
1/10/2022,6697.375977,6725.023926,6689.282227,6691.124023,6691.124023,15938240000,,
1/11/2022,6705.795898,6727.76709,6636.500977,6647.970215,6647.970215,18105350000,,
1/12/2022,6662.39502,6690.323242,6625.756836,6647.064941,6647.064941,19290060000,1/12/2022,1/12/2022
1/13/2022,6659.973145,6667.940918,6626.338867,6658.355957,6658.355957,18076550000,,
1/14/2022,6653.645996,6699.413086,6631.045898,6693.400879,6693.400879,14046730000,,
1/17/2022,6711.405762,6711.821777,6625.862793,6645.047852,6645.047852,14862600000,,
1/18/2022,6654.958984,6667.404785,6534.27002,6614.059082,6614.059082,17277890000,,1/18/2022
1/19/2022,6609.832031,6615.451172,6575.380859,6591.980957,6591.980957,17135430000,,
1/20/2022,6607.798828,6637.207031,6587.765137,6626.871094,6626.871094,15827100000,,
1/21/2022,6626.348145,6726.373047,6607.417969,6726.373047,6726.373047,15462830000,,
1/24/2022,6700.821777,6712.262207,6645.40918,6655.166016,6655.166016,17623920000,1/24/2022,1/24/2022
1/25/2022,6630.87793,6632.953125,6523.929199,6568.172852,6568.172852,21323510000,,
1/26/2022,6569.817871,6601.336914,6549.520996,6600.818848,6600.818848,22634980000,,
1/27/2022,6586.854004,6627.405762,6570.75,6611.161133,6611.161133,17781750000,,
1/28/2022,6618.717773,6645.51123,6603.491211,6645.51123,6645.51123,19268060000,,1/28/2022
1/31/2022,6656.707031,6669.911133,6626.655762,6631.150879,6631.150879,18254830000,,
2/2/2022,6657.791992,6716.597168,6650.303223,6707.651855,6707.651855,21483000000,,
2/3/2022,6724.398926,6730.598145,6648.078125,6683.851074,6683.851074,20240600000,,
2/4/2022,6697.942871,6731.391113,6685.403809,6731.391113,6731.391113,17733260000,2/4/2022,2/4/2022
2/7/2022,6751.349121,6806.72998,6748.90918,6804.937012,6804.937012,22585630000,,
2/8/2022,6813.184082,6860.75,6780.416992,6789.521973,6789.521973,25586280000,,
2/9/2022,6811.753906,6840.394043,6796.632813,6834.605957,6834.605957,25345850000,,
2/10/2022,6859.333984,6874.351074,6814.210938,6823.64209,6823.64209,27950720000,,2/10/2022
2/11/2022,6813.60791,6825.062012,6773.537109,6815.606934,6815.606934,22357480000,,
2/14/2022,6791.315918,6796.711914,6698.508789,6734.48584,6734.48584,20290780000,,
2/15/2022,6746.358887,6807.49707,6727.358887,6807.49707,6807.49707,21039040000,,
2/16/2022,6821.925781,6857.649902,6821.158203,6850.198242,6850.198242,21625360000,2/16/2022,2/16/2022
2/17/2022,6836.183105,6859.706055,6790.59082,6835.117188,6835.117188,22953950000,,
2/18/2022,6837.519043,6899.410156,6812.355957,6892.817871,6892.817871,23375430000,,
2/21/2022,6896.751953,6927.90918,6886.132813,6902.964844,6902.964844,23157640000,,
2/22/2022,6879.818848,6903.996094,6823.944824,6861.994141,6861.994141,19621850000,,2/22/2022
2/23/2022,6878.625,6920.056152,6873.813965,6920.056152,6920.056152,20484270000,,
2/24/2022,6912.477051,6929.911133,6758.86084,6817.819824,6817.819824,28268070000,,
2/25/2022,6825.371094,6904.910156,6822.244141,6888.170898,6888.170898,21189650000,,
3/1/2022,6964.696777,6996.935059,6915.976074,6921.440918,6921.440918,19600640000,3/1/2022,3/1/2022
3/2/2022,6956.618164,6973.35791,6861.958984,6868.401855,6868.401855,32579510000,,
3/4/2022,6921.315918,6936.98877,6895.730957,6928.328125,6928.328125,24749230000,,
3/7/2022,6905.324219,6917.933105,6843.812012,6869.065918,6869.065918,26127180000,,
3/8/2022,6895.630859,6929.862793,6814.183105,6814.183105,6814.183105,24621850000,,3/8/2022
3/9/2022,6836.671875,6888.930176,6824.09082,6864.440918,6864.440918,20997180000,,
3/10/2022,6897.174805,6924.007813,6837.725098,6924.007813,6924.007813,19407170000,,
3/11/2022,6872.631836,6922.602051,6853.85791,6922.602051,6922.602051,17412030000,,
3/14/2022,6949.206055,6969.993164,6918.312988,6952.204102,6952.204102,19331800000,3/14/2022,3/14/2022
3/15/2022,6968.35,6996.32,6894.92,6918.19,6918.19,18970930000,,
3/16/2022,6951.35,6992.4,6946.84,6992.4,6992.4,17129750000,,
3/17/2022,7016.53,7032.7,6949.17,6964.38,6964.38,19741130000,,
3/18/2022,6981.26,7000.59,6926.41,6954.96,6954.96,19810290000,,3/18/2022
